,precision,recall,f1-score,support
favor,0.6666666666666666,0.7777777777777778,0.717948717948718,18.0
against,0.896551724137931,0.8387096774193549,0.8666666666666666,31.0
none,0.9101123595505618,0.9,0.9050279329608939,90.0
accuracy,0.8705035971223022,0.8705035971223022,0.8705035971223022,0.8705035971223022
macro avg,0.8244435834517198,0.8388291517323775,0.8298811058587594,139.0
weighted avg,0.8755627036534275,0.8705035971223022,0.8722464572390219,139.0
