,precision,recall,f1-score,support
favor,0.625,0.8333333333333334,0.7142857142857143,18.0
against,0.9,0.8709677419354839,0.8852459016393444,31.0
none,0.9294117647058824,0.8777777777777778,0.9028571428571429,90.0
accuracy,0.8705035971223022,0.8705035971223022,0.8705035971223022,0.8705035971223022
macro avg,0.8181372549019607,0.8606929510155318,0.834129586260734,139.0
weighted avg,0.8834320778671182,0.8705035971223022,0.8745101342813338,139.0
