,precision,recall,f1-score,support
favor,0.75,0.8333333333333334,0.7894736842105262,18.0
against,0.8387096774193549,0.8387096774193549,0.8387096774193549,31.0
none,0.9090909090909091,0.8888888888888888,0.8988764044943819,90.0
accuracy,0.8705035971223022,0.8705035971223022,0.8705035971223022,0.8705035971223022
macro avg,0.8326001955034213,0.8536439665471924,0.8423532553747544,139.0
weighted avg,0.8727926749509483,0.8705035971223022,0.8712906670524018,139.0
