,precision,recall,f1-score,support
favor,0.6363636363636364,0.7777777777777778,0.7000000000000001,18.0
against,0.8709677419354839,0.8709677419354839,0.8709677419354839,31.0
none,0.9302325581395349,0.8888888888888888,0.9090909090909092,90.0
accuracy,0.8705035971223022,0.8705035971223022,0.8705035971223022,0.8705035971223022
macro avg,0.8125213121462184,0.8458781362007168,0.8266862170087977,139.0
weighted avg,0.8789602567417524,0.8705035971223022,0.8735120994113801,139.0
