,precision,recall,f1-score,support
favor,0.6041666666666666,0.9206349206349206,0.7295597484276729,63.0
against,0.25,0.05555555555555555,0.0909090909090909,18.0
none,0.6666666666666666,0.32432432432432434,0.4363636363636364,37.0
accuracy,0.6016949152542372,0.6016949152542372,0.6016949152542372,0.6016949152542372
macro avg,0.5069444444444444,0.43350493350493347,0.41894415856680006,118.0
weighted avg,0.5697387005649717,0.6016949152542372,0.540204087565776,118.0
