,precision,recall,f1-score,support
favor,0.7058823529411765,0.6666666666666666,0.6857142857142857,18.0
against,0.9259259259259259,0.8064516129032258,0.8620689655172414,31.0
none,0.8947368421052632,0.9444444444444444,0.918918918918919,90.0
accuracy,0.8776978417266187,0.8776978417266187,0.8776978417266187,0.8776978417266187
macro avg,0.8421817069907885,0.8058542413381122,0.8222340567168153,139.0
weighted avg,0.8772367039289105,0.8776978417266187,0.8760409911985204,139.0
