,precision,recall,f1-score,support
favor,0.7551020408163265,0.8409090909090909,0.7956989247311828,44.0
against,0.6086956521739131,0.5384615384615384,0.5714285714285715,26.0
none,0.6363636363636364,0.6,0.6176470588235293,35.0
accuracy,0.6857142857142857,0.6857142857142857,0.6857142857142857,0.6857142857142857
macro avg,0.6667204431179586,0.6597902097902097,0.6615915183277612,105.0
weighted avg,0.6792695621444512,0.6857142857142857,0.680814691467985,105.0
